ID,Category,Task,Status,Priority,Dependencies,Notes
ERR-001,Error Handling,Implement custom error classes,DONE,HIGH,,Completed in error-handling.ts
ERR-002,Error Handling,Add error boundary components,IN_PROGRESS,HIGH,ERR-001,Need to implement UI components
ERR-003,Error Handling,Set up error reporting service,TODO,MEDIUM,ERR-001,Consider Sentry integration
LOAD-001,Loading States,Improve LogoCard loading skeleton,IN_PROGRESS,HIGH,,Add smooth transitions
LOAD-002,Loading States,Add global loading indicator,TODO,MEDIUM,,For route transitions
LOAD-003,Loading States,Implement lazy loading for gallery,TODO,LOW,LOAD-001,Performance optimization
TEST-001,Testing,Fix failing visual tests,BLOCKED,HIGH,,Build errors need resolution
TEST-002,Testing,Add error scenario tests,TODO,MEDIUM,ERR-001,Test custom error handlers
TEST-003,Testing,Create loading state tests,TODO,MEDIUM,LOAD-001,Test loading components
UI-001,UI Components,Enhance error messages UI,TODO,HIGH,ERR-001,Make messages more user-friendly
UI-002,UI Components,Improve dark mode contrast,IN_PROGRESS,MEDIUM,,Fix accessibility issues
UI-003,UI Components,Add retry mechanisms UI,TODO,HIGH,ERR-002,For failed operations
PERF-001,Performance,Optimize image loading,TODO,MEDIUM,LOAD-001,Implement progressive loading
PERF-002,Performance,Add caching layer,TODO,LOW,,For frequently accessed logos
SEC-001,Security,Implement rate limiting,TODO,HIGH,,For API endpoints
SEC-002,Security,Add input validation,TODO,HIGH,ERR-001,Use ValidationError class 